metric_group,metric,value
counts_by_industry,saas,258
counts_by_industry,other,181
counts_by_industry,ai/ml,97
counts_by_industry,ecommerce,93
counts_by_industry,edtech,76
counts_by_industry,hrtech,62
counts_by_industry,fintech,57
counts_by_industry,cybersecurity,57
counts_by_industry,realestate,52
counts_by_industry,healthcare,50
counts_by_industry,transportation,17
counts_by_domain,reddit.com,255
counts_by_domain,crunchbase.com,182
counts_by_domain,indiehackers.com,182
counts_by_domain,github.com,6
counts_by_domain,news.ycombinator.com,2
counts_by_domain,startup-0181.com,1
counts_by_domain,startup-0055.com,1
counts_by_domain,startup-0064.com,1
counts_by_domain,startup-0063.com,1
counts_by_domain,startup-0062.com,1
counts_by_domain,startup-0061.com,1
counts_by_domain,startup-0060.com,1
counts_by_domain,startup-0059.com,1
counts_by_domain,startup-0058.com,1
counts_by_domain,startup-0057.com,1
counts_by_domain,startup-0056.com,1
counts_by_domain,startup-0054.com,1
counts_by_domain,startup-0066.com,1
counts_by_domain,startup-0053.com,1
counts_by_domain,startup-0052.com,1
counts_by_domain,startup-0051.com,1
counts_by_domain,startup-0050.com,1
counts_by_domain,startup-0049.com,1
counts_by_domain,startup-0048.com,1
counts_by_domain,startup-0047.com,1
counts_by_domain,startup-0046.com,1
counts_by_domain,startup-0045.com,1
counts_by_domain,startup-0065.com,1
counts_by_domain,startup-0067.com,1
counts_by_domain,startup-0043.com,1
counts_by_domain,startup-0068.com,1
counts_by_domain,startup-0087.com,1
counts_by_domain,startup-0086.com,1
counts_by_domain,startup-0085.com,1
counts_by_domain,startup-0084.com,1
counts_by_domain,startup-0083.com,1
counts_by_domain,startup-0082.com,1
counts_by_domain,startup-0081.com,1
counts_by_domain,startup-0080.com,1
counts_by_domain,startup-0079.com,1
counts_by_domain,startup-0078.com,1
counts_by_domain,startup-0077.com,1
counts_by_domain,startup-0076.com,1
counts_by_domain,startup-0075.com,1
counts_by_domain,startup-0074.com,1
counts_by_domain,startup-0073.com,1
counts_by_domain,startup-0072.com,1
counts_by_domain,startup-0071.com,1
counts_by_domain,startup-0070.com,1
counts_by_domain,startup-0069.com,1
counts_by_domain,startup-0044.com,1
counts_by_domain,startup-0042.com,1
counts_by_domain,startup-0180.com,1
counts_by_domain,startup-0019.com,1
counts_by_domain,startup-0017.com,1
counts_by_domain,startup-0016.com,1
counts_by_domain,startup-0015.com,1
counts_by_domain,startup-0014.com,1
counts_by_domain,startup-0013.com,1
counts_by_domain,startup-0012.com,1
counts_by_domain,startup-0011.com,1
counts_by_domain,startup-0010.com,1
counts_by_domain,startup-0009.com,1
counts_by_domain,startup-0008.com,1
counts_by_domain,startup-0007.com,1
counts_by_domain,startup-0006.com,1
counts_by_domain,startup-0005.com,1
counts_by_domain,startup-0004.com,1
counts_by_domain,startup-0003.com,1
counts_by_domain,startup-0002.com,1
counts_by_domain,startup-0001.com,1
counts_by_domain,startup-0000.com,1
counts_by_domain,example-saas-0181.com,1
counts_by_domain,startup-0018.com,1
counts_by_domain,startup-0020.com,1
counts_by_domain,startup-0041.com,1
counts_by_domain,startup-0021.com,1
counts_by_domain,startup-0040.com,1
counts_by_domain,startup-0039.com,1
counts_by_domain,startup-0038.com,1
counts_by_domain,startup-0037.com,1
counts_by_domain,startup-0036.com,1
counts_by_domain,startup-0035.com,1
counts_by_domain,startup-0034.com,1
counts_by_domain,startup-0033.com,1
counts_by_domain,startup-0032.com,1
counts_by_domain,startup-0031.com,1
counts_by_domain,startup-0030.com,1
counts_by_domain,startup-0029.com,1
counts_by_domain,startup-0028.com,1
counts_by_domain,startup-0027.com,1
counts_by_domain,startup-0026.com,1
counts_by_domain,startup-0025.com,1
counts_by_domain,startup-0024.com,1
counts_by_domain,startup-0023.com,1
counts_by_domain,startup-0022.com,1
counts_by_domain,startup-0088.com,1
counts_by_domain,startup-0089.com,1
counts_by_domain,startup-0090.com,1
counts_by_domain,startup-0148.com,1
counts_by_domain,startup-0157.com,1
counts_by_domain,startup-0156.com,1
counts_by_domain,startup-0155.com,1
counts_by_domain,startup-0154.com,1
counts_by_domain,startup-0153.com,1
counts_by_domain,startup-0152.com,1
counts_by_domain,startup-0151.com,1
counts_by_domain,startup-0150.com,1
counts_by_domain,startup-0149.com,1
counts_by_domain,startup-0147.com,1
counts_by_domain,example-saas-0180.com,1
counts_by_domain,startup-0146.com,1
counts_by_domain,startup-0145.com,1
counts_by_domain,startup-0144.com,1
counts_by_domain,startup-0143.com,1
counts_by_domain,startup-0142.com,1
counts_by_domain,startup-0141.com,1
counts_by_domain,startup-0140.com,1
counts_by_domain,startup-0139.com,1
counts_by_domain,startup-0138.com,1
counts_by_domain,startup-0158.com,1
counts_by_domain,startup-0159.com,1
counts_by_domain,startup-0160.com,1
counts_by_domain,startup-0161.com,1
counts_by_domain,startup-0179.com,1
counts_by_domain,startup-0178.com,1
counts_by_domain,startup-0177.com,1
counts_by_domain,startup-0176.com,1
counts_by_domain,startup-0182.com,1
counts_by_domain,startup-0175.com,1
counts_by_domain,startup-0174.com,1
counts_by_domain,startup-0173.com,1
counts_by_domain,startup-0172.com,1
counts_by_domain,startup-0171.com,1
counts_by_domain,startup-0170.com,1
counts_by_domain,startup-0169.com,1
counts_by_domain,startup-0168.com,1
counts_by_domain,startup-0167.com,1
counts_by_domain,startup-0166.com,1
counts_by_domain,startup-0165.com,1
counts_by_domain,startup-0164.com,1
counts_by_domain,startup-0163.com,1
counts_by_domain,startup-0162.com,1
counts_by_domain,startup-0137.com,1
counts_by_domain,startup-0136.com,1
counts_by_domain,startup-0135.com,1
counts_by_domain,startup-0112.com,1
counts_by_domain,startup-0110.com,1
counts_by_domain,startup-0109.com,1
counts_by_domain,startup-0108.com,1
counts_by_domain,startup-0107.com,1
counts_by_domain,startup-0106.com,1
counts_by_domain,startup-0105.com,1
counts_by_domain,startup-0104.com,1
counts_by_domain,startup-0103.com,1
counts_by_domain,startup-0102.com,1
counts_by_domain,startup-0101.com,1
counts_by_domain,startup-0100.com,1
counts_by_domain,startup-0099.com,1
counts_by_domain,startup-0098.com,1
counts_by_domain,startup-0097.com,1
counts_by_domain,startup-0096.com,1
counts_by_domain,startup-0095.com,1
counts_by_domain,startup-0094.com,1
counts_by_domain,startup-0093.com,1
counts_by_domain,startup-0092.com,1
counts_by_domain,startup-0111.com,1
counts_by_domain,startup-0113.com,1
counts_by_domain,startup-0134.com,1
counts_by_domain,startup-0114.com,1
counts_by_domain,startup-0133.com,1
counts_by_domain,startup-0132.com,1
counts_by_domain,startup-0131.com,1
counts_by_domain,startup-0130.com,1
counts_by_domain,startup-0129.com,1
counts_by_domain,startup-0128.com,1
counts_by_domain,startup-0127.com,1
counts_by_domain,startup-0126.com,1
counts_by_domain,startup-0125.com,1
counts_by_domain,startup-0124.com,1
counts_by_domain,startup-0123.com,1
counts_by_domain,startup-0122.com,1
counts_by_domain,startup-0121.com,1
counts_by_domain,startup-0120.com,1
counts_by_domain,startup-0119.com,1
counts_by_domain,startup-0118.com,1
counts_by_domain,startup-0117.com,1
counts_by_domain,startup-0116.com,1
counts_by_domain,startup-0115.com,1
counts_by_domain,startup-0091.com,1
counts_by_domain,example-saas-0178.com,1
counts_by_domain,example-saas-0179.com,1
counts_by_domain,example-saas-0050.com,1
counts_by_domain,example-saas-0059.com,1
counts_by_domain,example-saas-0058.com,1
counts_by_domain,example-saas-0057.com,1
counts_by_domain,example-saas-0056.com,1
counts_by_domain,example-saas-0055.com,1
counts_by_domain,example-saas-0054.com,1
counts_by_domain,example-saas-0053.com,1
counts_by_domain,example-saas-0052.com,1
counts_by_domain,example-saas-0051.com,1
counts_by_domain,example-saas-0049.com,1
counts_by_domain,example-saas-0038.com,1
counts_by_domain,example-saas-0048.com,1
counts_by_domain,example-saas-0047.com,1
counts_by_domain,example-saas-0046.com,1
counts_by_domain,example-saas-0045.com,1
counts_by_domain,example-saas-0044.com,1
counts_by_domain,example-saas-0043.com,1
counts_by_domain,example-saas-0042.com,1
counts_by_domain,example-saas-0041.com,1
counts_by_domain,example-saas-0040.com,1
counts_by_domain,example-saas-0060.com,1
counts_by_domain,example-saas-0061.com,1
counts_by_domain,example-saas-0062.com,1
counts_by_domain,example-saas-0063.com,1
counts_by_domain,example-saas-0082.com,1
counts_by_domain,example-saas-0081.com,1
counts_by_domain,example-saas-0080.com,1
counts_by_domain,example-saas-0079.com,1
counts_by_domain,example-saas-0078.com,1
counts_by_domain,example-saas-0077.com,1
counts_by_domain,example-saas-0076.com,1
counts_by_domain,example-saas-0075.com,1
counts_by_domain,example-saas-0074.com,1
counts_by_domain,example-saas-0073.com,1
counts_by_domain,example-saas-0072.com,1
counts_by_domain,example-saas-0071.com,1
counts_by_domain,example-saas-0070.com,1
counts_by_domain,example-saas-0069.com,1
counts_by_domain,example-saas-0068.com,1
counts_by_domain,example-saas-0067.com,1
counts_by_domain,example-saas-0066.com,1
counts_by_domain,example-saas-0065.com,1
counts_by_domain,example-saas-0064.com,1
counts_by_domain,example-saas-0039.com,1
counts_by_domain,example-saas-0037.com,1
counts_by_domain,example-saas-0084.com,1
counts_by_domain,example-saas-0003.com,1
counts_by_domain,example-saas-0012.com,1
counts_by_domain,example-saas-0011.com,1
counts_by_domain,example-saas-0010.com,1
counts_by_domain,example-saas-0009.com,1
counts_by_domain,example-saas-0008.com,1
counts_by_domain,example-saas-0007.com,1
counts_by_domain,example-saas-0006.com,1
counts_by_domain,example-saas-0005.com,1
counts_by_domain,example-saas-0004.com,1
counts_by_domain,example-saas-0002.com,1
counts_by_domain,example-saas-0036.com,1
counts_by_domain,example-saas-0001.com,1
counts_by_domain,example-saas-0000.com,1
counts_by_domain,umitech.com.au,1
counts_by_domain,businessmirror.com.ph,1
counts_by_domain,sutanisurabu.substack.com,1
counts_by_domain,parsehive.app,1
counts_by_domain,www.channelnewsasia.com,1
counts_by_domain,twitter.com,1
counts_by_domain,jamcrew.io,1
counts_by_domain,example-saas-0013.com,1
counts_by_domain,example-saas-0014.com,1
counts_by_domain,example-saas-0015.com,1
counts_by_domain,example-saas-0016.com,1
counts_by_domain,example-saas-0035.com,1
counts_by_domain,example-saas-0034.com,1
counts_by_domain,example-saas-0033.com,1
counts_by_domain,example-saas-0032.com,1
counts_by_domain,example-saas-0031.com,1
counts_by_domain,example-saas-0030.com,1
counts_by_domain,example-saas-0029.com,1
counts_by_domain,example-saas-0028.com,1
counts_by_domain,example-saas-0027.com,1
counts_by_domain,example-saas-0026.com,1
counts_by_domain,example-saas-0025.com,1
counts_by_domain,example-saas-0024.com,1
counts_by_domain,example-saas-0023.com,1
counts_by_domain,example-saas-0022.com,1
counts_by_domain,example-saas-0021.com,1
counts_by_domain,example-saas-0020.com,1
counts_by_domain,example-saas-0019.com,1
counts_by_domain,example-saas-0018.com,1
counts_by_domain,example-saas-0017.com,1
counts_by_domain,example-saas-0083.com,1
counts_by_domain,example-saas-0085.com,1
counts_by_domain,example-saas-0177.com,1
counts_by_domain,example-saas-0144.com,1
counts_by_domain,example-saas-0153.com,1
counts_by_domain,example-saas-0152.com,1
counts_by_domain,example-saas-0151.com,1
counts_by_domain,example-saas-0150.com,1
counts_by_domain,example-saas-0149.com,1
counts_by_domain,example-saas-0148.com,1
counts_by_domain,example-saas-0147.com,1
counts_by_domain,example-saas-0146.com,1
counts_by_domain,example-saas-0145.com,1
counts_by_domain,example-saas-0143.com,1
counts_by_domain,example-saas-0132.com,1
counts_by_domain,example-saas-0142.com,1
counts_by_domain,example-saas-0141.com,1
counts_by_domain,example-saas-0140.com,1
counts_by_domain,example-saas-0139.com,1
counts_by_domain,example-saas-0138.com,1
counts_by_domain,example-saas-0137.com,1
counts_by_domain,example-saas-0136.com,1
counts_by_domain,example-saas-0135.com,1
counts_by_domain,example-saas-0134.com,1
counts_by_domain,example-saas-0154.com,1
counts_by_domain,example-saas-0155.com,1
counts_by_domain,example-saas-0156.com,1
counts_by_domain,example-saas-0157.com,1
counts_by_domain,example-saas-0176.com,1
counts_by_domain,example-saas-0175.com,1
counts_by_domain,example-saas-0174.com,1
counts_by_domain,example-saas-0173.com,1
counts_by_domain,example-saas-0172.com,1
counts_by_domain,example-saas-0171.com,1
counts_by_domain,example-saas-0170.com,1
counts_by_domain,example-saas-0169.com,1
counts_by_domain,example-saas-0168.com,1
counts_by_domain,example-saas-0167.com,1
counts_by_domain,example-saas-0166.com,1
counts_by_domain,example-saas-0165.com,1
counts_by_domain,example-saas-0164.com,1
counts_by_domain,example-saas-0163.com,1
counts_by_domain,example-saas-0162.com,1
counts_by_domain,example-saas-0161.com,1
counts_by_domain,example-saas-0160.com,1
counts_by_domain,example-saas-0159.com,1
counts_by_domain,example-saas-0158.com,1
counts_by_domain,example-saas-0133.com,1
counts_by_domain,example-saas-0131.com,1
counts_by_domain,example-saas-0086.com,1
counts_by_domain,example-saas-0097.com,1
counts_by_domain,example-saas-0106.com,1
counts_by_domain,example-saas-0105.com,1
counts_by_domain,example-saas-0104.com,1
counts_by_domain,example-saas-0103.com,1
counts_by_domain,example-saas-0102.com,1
counts_by_domain,example-saas-0101.com,1
counts_by_domain,example-saas-0100.com,1
counts_by_domain,example-saas-0099.com,1
counts_by_domain,example-saas-0098.com,1
counts_by_domain,example-saas-0096.com,1
counts_by_domain,example-saas-0130.com,1
counts_by_domain,example-saas-0095.com,1
counts_by_domain,example-saas-0094.com,1
counts_by_domain,example-saas-0093.com,1
counts_by_domain,example-saas-0092.com,1
counts_by_domain,example-saas-0091.com,1
counts_by_domain,example-saas-0090.com,1
counts_by_domain,example-saas-0089.com,1
counts_by_domain,example-saas-0088.com,1
counts_by_domain,example-saas-0087.com,1
counts_by_domain,example-saas-0107.com,1
counts_by_domain,example-saas-0108.com,1
counts_by_domain,example-saas-0109.com,1
counts_by_domain,example-saas-0110.com,1
counts_by_domain,example-saas-0129.com,1
counts_by_domain,example-saas-0128.com,1
counts_by_domain,example-saas-0127.com,1
counts_by_domain,example-saas-0126.com,1
counts_by_domain,example-saas-0125.com,1
counts_by_domain,example-saas-0124.com,1
counts_by_domain,example-saas-0123.com,1
counts_by_domain,example-saas-0122.com,1
counts_by_domain,example-saas-0121.com,1
counts_by_domain,example-saas-0120.com,1
counts_by_domain,example-saas-0119.com,1
counts_by_domain,example-saas-0118.com,1
counts_by_domain,example-saas-0117.com,1
counts_by_domain,example-saas-0116.com,1
counts_by_domain,example-saas-0115.com,1
counts_by_domain,example-saas-0114.com,1
counts_by_domain,example-saas-0113.com,1
counts_by_domain,example-saas-0112.com,1
counts_by_domain,example-saas-0111.com,1
counts_by_domain,startup-0183.com,1
counts_by_country_bucket,Global,678
counts_by_country_bucket,USA/Canada,231
counts_by_country_bucket,APAC,52
counts_by_country_bucket,Europe,39
counts_by_uncertainty_level,medium,868
counts_by_uncertainty_level,high,132
bundle_stats,bundle_sources_mean,1.0
bundle_stats,bundle_tokens_mean,74.419
bundle_stats,bundle_claims_mean,2.464
bundle_stats,pct_real,81.60000000000001
bundle_stats,pct_synthetic,18.4
synthetic_generation_rules,rule_1,Synthetic if metadata.platform == synthetic_realistic.
synthetic_generation_rules,rule_2,Synthetic templates generated in benchmark/large_scale_validation.py.
